{"0.html": [364609, "Breakfast and Brunch Recipes - Allrecipes.com", "https://www.allrecipes.com/recipes/78/breakfast-and-brunch/"], "1.html": [1217474, "Allrecipes (allrecipes) on Pinterest", "http://pinterest.com/allrecipes/"], "10.html": [391096, "Chicken Recipes - Allrecipes.com", "https://www.allrecipes.com/recipes/201/meat-and-poultry/chicken/"], "11.html": [305829, "Pasta and Noodle Recipes - Allrecipes.com", "https://www.allrecipes.com/recipes/95/pasta-and-noodles/"], "12.html": [378386, "Pork Recipes - Allrecipes.com", "https://www.allrecipes.com/recipes/205/meat-and-poultry/pork/"], "13.html": [282840, "Salmon Recipes - Allrecipes.com", "https://www.allrecipes.com/recipes/416/seafood/fish/salmon/"], "14.html": [298057, "Diabetic Recipes - Allrecipes.com", "https://www.allrecipes.com/recipes/739/healthy-recipes/diabetic/"], "15.html": [291735, "Gluten-Free Recipes - Allrecipes.com", "https://www.allrecipes.com/recipes/741/healthy-recipes/gluten-free/"], "16.html": [432010, "Healthy Recipes - Allrecipes.com", "https://www.allrecipes.com/recipes/84/healthy-recipes/"], "17.html": [329504, "Low-Calorie Recipes - Allrecipes.com", "https://www.allrecipes.com/recipes/1232/healthy-recipes/low-calorie/"], "18.html": [285920, "Low-Fat Recipes - Allrecipes.com", "https://www.allrecipes.com/recipes/1231/healthy-recipes/low-fat/"], "19.html": [318084, "Fall Recipes - Allrecipes.com", "https://www.allrecipes.com/recipes/631/everyday-cooking/seasonal/fall/"], "2.html": [478070, "Allrecipes (@Allrecipes) | Twitter", "https://twitter.com/Allrecipes"], "20.html": [390749, "Thanksgiving Recipes - Allrecipes.com", "https://www.allrecipes.com/recipes/198/holidays-and-events/thanksgiving/"], "21.html": [314758, "Entertaining and Dinner Party Recipes - Allrecipes.com", "https://www.allrecipes.com/recipes/17185/everyday-cooking/entertaining/"], "22.html": [367177, "Christmas Recipes - Allrecipes.com", "https://www.allrecipes.com/recipes/187/holidays-and-events/christmas/"], "23.html": [413747, "Holidays and Events Recipes - Allrecipes.com", "https://www.allrecipes.com/recipes/85/holidays-and-events/"], "24.html": [400009, "Bread Recipes - Allrecipes.com", "https://www.allrecipes.com/recipes/156/bread/"], "25.html": [470450, "Cake Recipes - Allrecipes.com", "https://www.allrecipes.com/recipes/276/desserts/cakes/"], "26.html": [387138, "Salad Recipes - Allrecipes.com", "https://www.allrecipes.com/recipes/96/salad/"], "27.html": [308897, "Smoothie Recipes - Allrecipes.com", "https://www.allrecipes.com/recipes/138/drinks/smoothies/"], "28.html": [325064, "Soups, Stews and Chili Recipes - Allrecipes.com", "https://www.allrecipes.com/recipes/94/soups-stews-and-chili/"], "29.html": [361002, "BBQ &amp; Grilling Recipes - Allrecipes.com", "https://www.allrecipes.com/recipes/88/bbq-grilling/"], "3.html": [197453, "Allrecipes Magazine Subscription | Magazine.Store", "http://armagazine.com/upper-nav"], "30.html": [302702, "Quick and Easy Recipes - Allrecipes.com", "https://www.allrecipes.com/recipes/1947/everyday-cooking/quick-and-easy/"], "31.html": [339612, "Slow Cooker Recipes - Allrecipes.com", "https://www.allrecipes.com/recipes/253/everyday-cooking/slow-cooker/"], "32.html": [310723, "Vegan Recipes - Allrecipes.com", "https://www.allrecipes.com/recipes/1227/everyday-cooking/vegan/"], "33.html": [371174, "Vegetarian Recipes - Allrecipes.com", "https://www.allrecipes.com/recipes/87/everyday-cooking/vegetarian/"], "34.html": [343184, "Asian Recipes - Allrecipes.com", "https://www.allrecipes.com/recipes/227/world-cuisine/asian/"], "35.html": [304524, "Indian Recipes - Allrecipes.com", "https://www.allrecipes.com/recipes/233/world-cuisine/asian/indian/"], "36.html": [338780, "Italian Recipes - Allrecipes.com", "https://www.allrecipes.com/recipes/723/world-cuisine/european/italian/"], "37.html": [386134, "Mexican Recipes - Allrecipes.com", "https://www.allrecipes.com/recipes/728/world-cuisine/latin-american/mexican/"], "38.html": [304801, "Southern Recipes - Allrecipes.com", "https://www.allrecipes.com/recipes/15876/us-recipes/southern/"], "39.html": [287468, "Allrecipes Magazine Recipes", "https://www.allrecipes.com/recipes/17235/everyday-cooking/allrecipes-magazine-recipes/"], "4.html": [334242, "Allrecipes | Food, friends, and recipe inspiration", "https://www.allrecipes.com"], "40.html": [312603, "Food Wishes\u00ae Recipes - Allrecipes.com", "https://www.allrecipes.com/recipes/16791/everyday-cooking/special-collections/web-show-recipes/food-wishes/"], "41.html": [230486, "New Recipes - Allrecipes.com", "https://www.allrecipes.com/recipes/22908/everyday-cooking/special-collections/new/"], "42.html": [60766, "Trusted Brand Pages | Allrecipes", "http://dish.allrecipes.com/trusted-brand-pages/"], "43.html": [355105, "Recipes - Allrecipes.com", "https://www.allrecipes.com/recipes/"], "5.html": [438546, "Appetizers and Snack Recipes - Allrecipes.com", "https://www.allrecipes.com/recipes/76/appetizers-and-snacks/"], "6.html": [365321, "Dessert Recipes - Allrecipes.com", "https://www.allrecipes.com/recipes/79/desserts/"], "7.html": [331009, "Dinner Recipes - Allrecipes.com", "https://www.allrecipes.com/recipes/17562/dinner/"], "8.html": [340040, "Drinks Recipes - Allrecipes.com", "https://www.allrecipes.com/recipes/77/drinks/"], "9.html": [386160, "Beef Recipes - Allrecipes.com", "https://www.allrecipes.com/recipes/200/meat-and-poultry/beef/"]}