{"0.html": [320342, "Allrecipes | Food, friends, and recipe inspiration", "https://www.allrecipes.com/"], "1.html": [1347294, "Allrecipes (allrecipes) on Pinterest", "http://pinterest.com/allrecipes/"], "10.html": [402903, "Beef Recipes - Allrecipes.com", "https://www.allrecipes.com/recipes/200/meat-and-poultry/beef/"], "100.html": [144240, "Public Profile - Allrecipes.com", "https://www.allrecipes.com/cook/adayinthekitchen/"], "101.html": [238156, "Perfect Pumpkin Pie Recipe - Allrecipes.com", "https://www.allrecipes.com/recipe/23439/perfect-pumpkin-pie/"], "102.html": [142587, "Public Profile - Allrecipes.com", "https://www.allrecipes.com/cook/eaglebrand/"], "103.html": [233265, "Apple Pie by Grandma Ople Recipe - Allrecipes.com", "https://www.allrecipes.com/recipe/12682/apple-pie-by-grandma-ople/"], "104.html": [190895, "Apple Pie by Grandma Ople Video - Allrecipes.com", "https://www.allrecipes.com/video/816/apple-pie-by-grandma-ople/"], "105.html": [126730, "Public Profile - Allrecipes.com", "https://www.allrecipes.com/cook/27143/"], "106.html": [243601, "Camp David Spaghetti with Italian Sausage Recipe - Allrecipes.com", "https://www.allrecipes.com/recipe/148543/camp-david-spaghetti-with-italian-sausage/"], "107.html": [142280, "Public Profile - Allrecipes.com", "https://www.allrecipes.com/cook/1872106/"], "108.html": [336892, "Allrecipes | Food, friends, and recipe inspiration", "https://www.allrecipes.com/?page=2"], "109.html": [198399, "Allrecipes Magazine Subscription | Magazine.Store", "https://www.magazine.store/allrecipes-magazine/?utm_source=allrecipes&utm_medium=internal&utm_campaign=i811trfw1256dfa"], "11.html": [391511, "Chicken Recipes - Allrecipes.com", "https://www.allrecipes.com/recipes/201/meat-and-poultry/chicken/"], "110.html": [144013, "Allrecipes", "http://allrecipes.tumblr.com/"], "111.html": [636338, "Allrecipes - Google+", "https://plus.google.com/+allrecipes/"], "112.html": [115897, "Mix \u00b7\u00a0Learn More", "http://www.stumbleupon.com/stumbler/Allrecipes"], "113.html": [708613, "  Allrecipes\n - YouTube", "https://www.youtube.com/user/allrecipes"], "114.html": [46718, "Allrecipes Jobs | Allrecipes", "http://dish.allrecipes.com/allrecipes-jobs/"], "115.html": [93591, "Our Digital Brands | Meredith", "http://www.meredith.com/national-media/digital"], "116.html": [93591, "Our Digital Brands | Meredith", "http://www.meredith.com/marketing_solutions/interactive_media.html"], "117.html": [62512, "Site Map | Allrecipes", "http://dish.allrecipes.com/faq-sitemap/"], "118.html": [48487, "Contact Us | Allrecipes", "http://dish.allrecipes.com/customer-service/contact-us-2/"], "119.html": [64509, "Meredith Privacy Policy | Meredith", "http://www.meredith.com/legal/privacy"], "12.html": [305961, "Pasta and Noodle Recipes - Allrecipes.com", "https://www.allrecipes.com/recipes/95/pasta-and-noodles/"], "120.html": [60015, "Meredith EU Privacy Policy | Meredith", "http://www.meredith.com/legal/eu-privacy"], "121.html": [56293, "Terms of Service Agreement | Meredith", "http://www.meredith.com/legal/terms"], "122.html": [2876, "Meredith Online Data Policy", "http://www.meredith.com/datapolicy.html"], "123.html": [45463, "Mobile Apps | Allrecipes", "http://dish.allrecipes.com/mobile-apps"], "124.html": [525033, "  Food Wishes\n - YouTube", "http://youtube.com/foodwishes"], "125.html": [49048, "Blog | Allrecipes Press Portal", "http://press.allrecipes.com/blog/"], "126.html": [23289, "", "https://twitter.com/signup"], "129.html": [27863, "System Status Page", "http://status.twitter.com"], "13.html": [379690, "Pork Recipes - Allrecipes.com", "https://www.allrecipes.com/recipes/205/meat-and-poultry/pork/"], "130.html": [81608, "Overview \u2014 Twitter\n      Developers", "https://dev.twitter.com/web/embedded-tweets"], "131.html": [77422, "Developer Agreement \u2014 Twitter\n      Developers", "https://dev.twitter.com/overview/terms/agreement"], "132.html": [79067, "Developer Policy \u2014 Twitter\n      Developers", "https://dev.twitter.com/overview/terms/policy"], "133.html": [75955, "How to Tweet via text message", "http://support.twitter.com/articles/14226-how-to-find-your-twitter-short-code-or-long-code"], "134.html": [40258, "Magazine Store - FAQ", "https://www.magazine.store/faq/"], "135.html": [82235, "Meredith Corporation |  Better Business Bureau\u00ae Profile", "https://www.bbb.org/iowa/business-reviews/publishers-periodical/meredith-corporation-in-des-moines-ia-101975#sealclick"], "136.html": [5323, "Post a Tweet on Twitter", "https://twitter.com/intent/tweet?via=yotpo"], "137.html": [72567, "Sign in - Google Accounts", "https://plus.google.com/share?"], "138.html": [5555, "Share a link on Twitter", "https://twitter.com/intent/tweet?text=Best+recipe+selection+every+month%21&url=https%3A%2F%2Fyotpo.com%2Fgo%2FgXhR91aH&via=yotpo"], "139.html": [73019, "Sign in - Google Accounts", "https://plus.google.com/share?url=https%3A%2F%2Fyotpo.com%2Fgo%2FwzaF9UPc"], "14.html": [298507, "Salmon Recipes - Allrecipes.com", "https://www.allrecipes.com/recipes/416/seafood/fish/salmon/"], "140.html": [5567, "Share a link on Twitter", "https://twitter.com/intent/tweet?text=Wonderful+magazine.+Delivery+was+prompt.&url=https%3A%2F%2Fyotpo.com%2Fgo%2FgXhR91aH&via=yotpo"], "141.html": [5780, "Share a link on Twitter", "https://twitter.com/intent/tweet?text=Every+issue+is+packed+full+of+amazing+recipes.+Most+of+them+I+want+to+make+right+away%2C+some+not+so+much.+There+is+something+for+everyone+to+enjoy.&url=https%3A%2F%2Fyotpo.com%2Fgo%2FgXhR91aH&via=yotpo"], "142.html": [5639, "Share a link on Twitter", "https://twitter.com/intent/tweet?text=Definitely+a+real-life+tool+for+anyone+who+wants+to+make+more+meals+at+home.&url=https%3A%2F%2Fyotpo.com%2Fgo%2FgXhR91aH&via=yotpo"], "143.html": [5649, "Share a link on Twitter", "https://twitter.com/intent/tweet?text=I+love+the+magazine+and+that+it+lists+the+nutritional+information.%0A%0ASandy&url=https%3A%2F%2Fyotpo.com%2Fgo%2FgXhR91aH&via=yotpo"], "144.html": [5589, "Share a link on Twitter", "https://twitter.com/intent/tweet?text=I+love+All-recipes+magazine%2C+one+of+my+favorites%21%21%21&url=https%3A%2F%2Fyotpo.com%2Fgo%2FgXhR91aH&via=yotpo"], "145.html": [5595, "Share a link on Twitter", "https://twitter.com/intent/tweet?text=I+love+this+magazine+it+has+alot+of+good+recipes+in+it&url=https%3A%2F%2Fyotpo.com%2Fgo%2FgXhR91aH&via=yotpo"], "146.html": [5581, "Share a link on Twitter", "https://twitter.com/intent/tweet?text=Great+magazine+with+relevant+delicious+recipes%21&url=https%3A%2F%2Fyotpo.com%2Fgo%2FgXhR91aH&via=yotpo"], "147.html": [5545, "Share a link on Twitter", "https://twitter.com/intent/tweet?text=Great+easy+to+follow+recipes.&url=https%3A%2F%2Fyotpo.com%2Fgo%2FgXhR91aH&via=yotpo"], "148.html": [5563, "Share a link on Twitter", "https://twitter.com/intent/tweet?text=Great+recipes+with+wonderful+pictures%21&url=https%3A%2F%2Fyotpo.com%2Fgo%2FgXhR91aH&via=yotpo"], "149.html": [14743, "Meredith |", "http://www.meredith.com/"], "15.html": [282634, "Diabetic Recipes - Allrecipes.com", "https://www.allrecipes.com/recipes/739/healthy-recipes/diabetic/"], "150.html": [213027, "Antipasto Recipes - Allrecipes.com", "https://www.allrecipes.com/recipes/102/appetizers-and-snacks/antipasto/"], "151.html": [254449, "Bacon Appetizer Recipes - Allrecipes.com", "https://www.allrecipes.com/recipes/14741/meat-and-poultry/pork/bacon/appetizers/"], "152.html": [229719, "Bruschetta Recipes - Allrecipes.com", "https://www.allrecipes.com/recipes/16833/appetizers-and-snacks/bruschetta/"], "153.html": [220653, "Canapes and Crostini Recipes - Allrecipes.com", "https://www.allrecipes.com/recipes/17249/appetizers-and-snacks/canapes-and-crostini/"], "154.html": [292196, "Cheese Appetizer Recipes - Allrecipes.com", "https://www.allrecipes.com/recipes/104/appetizers-and-snacks/cheese/"], "155.html": [230713, "Crab Cake Recipes - Allrecipes.com", "https://www.allrecipes.com/recipes/1240/appetizers-and-snacks/seafood/crab/crab-cakes/"], "156.html": [252109, "Cracker Recipes - Allrecipes.com", "https://www.allrecipes.com/recipes/16212/appetizers-and-snacks/snacks/crackers/"], "157.html": [272779, "Deviled Egg Recipes - Allrecipes.com", "https://www.allrecipes.com/recipes/110/appetizers-and-snacks/deviled-eggs/"], "158.html": [332657, "Dips and Spreads Recipes - Allrecipes.com", "https://www.allrecipes.com/recipes/105/appetizers-and-snacks/dips-and-spreads/"], "159.html": [236165, "Jalapeno Popper Recipes - Allrecipes.com", "https://www.allrecipes.com/recipes/1241/appetizers-and-snacks/vegetable/jalapeno-poppers/"], "16.html": [291505, "Gluten-Free Recipes - Allrecipes.com", "https://www.allrecipes.com/recipes/741/healthy-recipes/gluten-free/"], "160.html": [268542, "Kids' Snack Recipes - Allrecipes.com", "https://www.allrecipes.com/recipes/1659/appetizers-and-snacks/snacks/kids/"], "161.html": [233623, "Pasta Appetizer Recipes - Allrecipes.com", "https://www.allrecipes.com/recipes/490/appetizers-and-snacks/pasta-appetizers/"], "162.html": [284935, "Pastry Appetizer Recipes - Allrecipes.com", "https://www.allrecipes.com/recipes/113/appetizers-and-snacks/pastries/"], "163.html": [220910, "Dill Pickle and Sweet Pickle Recipes - Allrecipes.com", "https://www.allrecipes.com/recipes/13426/side-dish/sauces-and-condiments/canning-and-preserving/pickled/pickles/"], "164.html": [243022, "Meatball Appetizer Recipes - Allrecipes.com", "https://www.allrecipes.com/recipes/15852/appetizers-and-snacks/meat-and-poultry/meatball-appetizers/"], "165.html": [250582, "Mushroom Appetizer Recipes - Allrecipes.com", "https://www.allrecipes.com/recipes/1118/appetizers-and-snacks/vegetable/mushrooms/"], "166.html": [236430, "Olive Appetizer Recipes - Allrecipes.com", "https://www.allrecipes.com/recipes/112/appetizers-and-snacks/vegetable/olives/"], "167.html": [231968, "Party Mix Recipes - Allrecipes.com", "https://www.allrecipes.com/recipes/16429/appetizers-and-snacks/snacks/party-mix/"], "168.html": [217623, "Pickled Egg Recipes - Allrecipes.com", "https://www.allrecipes.com/recipes/17614/appetizers-and-snacks/pickled-eggs/"], "169.html": [244881, "Popcorn Recipes - Allrecipes.com", "https://www.allrecipes.com/recipes/16051/appetizers-and-snacks/snacks/popcorn/"], "17.html": [447104, "Healthy Recipes - Allrecipes.com", "https://www.allrecipes.com/recipes/84/healthy-recipes/"], "170.html": [297045, "Seafood Appetizer Recipes - Allrecipes.com", "https://www.allrecipes.com/recipes/108/appetizers-and-snacks/seafood/"], "171.html": [245184, "Shrimp Appetizer Recipes - Allrecipes.com", "https://www.allrecipes.com/recipes/1237/appetizers-and-snacks/seafood/shrimp/"], "172.html": [247348, "Slow Cooker Appetizer Recipes - Allrecipes.com", "https://www.allrecipes.com/recipes/16424/everyday-cooking/slow-cooker/appetizers/"], "173.html": [297971, "Snack Recipes - Allrecipes.com", "https://www.allrecipes.com/recipes/17146/appetizers-and-snacks/snacks/"], "174.html": [264824, "Spicy Appetizer Recipes - Allrecipes.com", "https://www.allrecipes.com/recipes/116/appetizers-and-snacks/spicy/"], "175.html": [248983, "Stuffed Mushroom Recipes - Allrecipes.com", "https://www.allrecipes.com/recipes/14906/appetizers-and-snacks/vegetable/mushrooms/stuffed-mushrooms/"], "176.html": [225193, "Tapa Recipes - Allrecipes.com", "https://www.allrecipes.com/recipes/17807/appetizers-and-snacks/tapas/"], "177.html": [280499, "Vegetable Appetizer Recipes - Allrecipes.com", "https://www.allrecipes.com/recipes/109/appetizers-and-snacks/vegetable/"], "178.html": [247293, "Wraps and Rolls Appetizer Recipes - Allrecipes.com", "https://www.allrecipes.com/recipes/115/appetizers-and-snacks/wraps-and-rolls/"], "179.html": [260434, "Bean and Pea Appetizer Recipes - Allrecipes.com", "https://www.allrecipes.com/recipes/111/appetizers-and-snacks/beans-and-peas/"], "18.html": [329554, "Low-Calorie Recipes - Allrecipes.com", "https://www.allrecipes.com/recipes/1232/healthy-recipes/low-calorie/"], "180.html": [271767, "Fruit Appetizer Recipes - Allrecipes.com", "https://www.allrecipes.com/recipes/106/appetizers-and-snacks/fruit/"], "181.html": [213153, "Garlic Bread Recipes - Allrecipes.com", "https://www.allrecipes.com/recipes/14966/appetizers-and-snacks/garlic-bread/"], "182.html": [300910, "Meat and Poultry Appetizer Recipes - Allrecipes.com", "https://www.allrecipes.com/recipes/107/appetizers-and-snacks/meat-and-poultry/"], "183.html": [273017, "Nuts and Seeds Appetizer Recipes - Allrecipes.com", "https://www.allrecipes.com/recipes/114/appetizers-and-snacks/nuts-and-seeds/"], "184.html": [75475, "Invite Chef John's Best Bites to Your Holiday Party | Allrecipes", "http://dish.allrecipes.com/your-holiday-party-needs-chef-johns-best-appetizers-and-snacks/"], "185.html": [217450, "Traditional Christmas Cheese Ball Recipe - Allrecipes.com", "https://www.allrecipes.com/recipe/155754/traditional-christmas-cheese-ball/"], "186.html": [57421, "Easy Christmas Party Bites to Get You Noticed | Allrecipes", "http://dish.allrecipes.com/easy-christmas-party-bites-to-get-you-noticed/"], "187.html": [324832, "Christmas Appetizer Recipes - Allrecipes.com", "https://www.allrecipes.com/recipes/932/holidays-and-events/christmas/appetizers/"], "188.html": [246608, "Mouth-Watering Stuffed Mushrooms Recipe - Allrecipes.com", "https://www.allrecipes.com/recipe/15184/mouth-watering-stuffed-mushrooms/"], "189.html": [241742, "Buffalo Chicken Dip Recipe - Allrecipes.com", "https://www.allrecipes.com/recipe/68461/buffalo-chicken-dip/"], "19.html": [300427, "Low-Fat Recipes - Allrecipes.com", "https://www.allrecipes.com/recipes/1231/healthy-recipes/low-fat/"], "190.html": [244017, "Baked Ham and Cheese Party Sandwiches Recipe - Allrecipes.com", "https://www.allrecipes.com/recipe/216756/baked-ham-and-cheese-party-sandwiches/"], "191.html": [240461, "Bacon Cheddar Deviled Eggs Recipe - Allrecipes.com", "https://www.allrecipes.com/recipe/69084/bacon-cheddar-deviled-eggs/"], "192.html": [226462, "Southern Pimento Cheese Recipe - Allrecipes.com", "https://www.allrecipes.com/recipe/189930/southern-pimento-cheese/"], "193.html": [228266, "Baked Stuffed Brie with Cranberries &amp; Walnuts Recipe - Allrecipes.com", "https://www.allrecipes.com/recipe/245731/baked-stuffed-brie-with-cranberries-walnuts/"], "194.html": [248571, "Sweet, Salty, Spicy Party Nuts Recipe - Allrecipes.com", "https://www.allrecipes.com/recipe/230159/sweet-salty-spicy-party-nuts/"], "195.html": [239579, "Baked Kale Chips Recipe - Allrecipes.com", "https://www.allrecipes.com/recipe/176957/baked-kale-chips/"], "196.html": [224012, "Crab and Lobster Stuffed Mushrooms Recipe - Allrecipes.com", "https://www.allrecipes.com/recipe/47179/crab-and-lobster-stuffed-mushrooms/"], "197.html": [142255, "Public Profile - Allrecipes.com", "https://www.allrecipes.com/cook/571953/"], "198.html": [216379, "Loaded Queso Fundido Recipe - Allrecipes.com", "https://www.allrecipes.com/recipe/237491/loaded-queso-fundido/"], "199.html": [127261, "Public Profile - Allrecipes.com", "https://www.allrecipes.com/cook/11571891/"], "2.html": [491977, "Allrecipes (@Allrecipes) | Twitter", "https://twitter.com/Allrecipes"], "20.html": [386137, "Christmas Cookie Recipes - Allrecipes.com", "https://www.allrecipes.com/recipes/841/holidays-and-events/christmas/desserts/christmas-cookies/"], "200.html": [235111, "Bacon Jalapeno Popper Puffs Recipe - Allrecipes.com", "https://www.allrecipes.com/recipe/246256/bacon-jalapeno-popper-puffs/"], "201.html": [180899, "Bacon Jalapeno Popper Puffs Video - Allrecipes.com", "https://www.allrecipes.com/video/5463/bacon-jalapeno-popper-puffs/"], "202.html": [153181, "Public Profile - Allrecipes.com", "https://www.allrecipes.com/cook/foodwisheswithchefjohn/"], "203.html": [165113, "Outrageous Warm Chicken Nacho Dip Video - Allrecipes.com", "https://www.allrecipes.com/video/4913/outrageous-warm-chicken-nacho-dip/"], "204.html": [166644, "Avocado Ricotta Crostini Video - Allrecipes.com", "https://www.allrecipes.com/video/8531/avocado-ricotta-crostini/"], "205.html": [179201, "Caramelized Spicy Pumpkin Seeds Video - Allrecipes.com", "https://www.allrecipes.com/video/8538/caramelized-spicy-pumpkin-seeds/"], "206.html": [189485, "Best Guacamole Video - Allrecipes.com", "https://www.allrecipes.com/video/1389/best-guacamole/"], "207.html": [175648, "Chef John's Buffalo Chicken Dip Video - Allrecipes.com", "https://www.allrecipes.com/video/536/chef-johns-buffalo-chicken-dip/"], "208.html": [180611, "Bacon-Wrapped Jalapeno Poppers Video - Allrecipes.com", "https://www.allrecipes.com/video/4970/bacon-wrapped-jalapeno-poppers/"], "209.html": [187130, "Fried Mac and Cheese Balls Video - Allrecipes.com", "https://www.allrecipes.com/video/4564/fried-mac-and-cheese-balls/"], "21.html": [362314, "Christmas Recipes - Allrecipes.com", "https://www.allrecipes.com/recipes/187/holidays-and-events/christmas/"], "210.html": [178869, "Hot Crab Dip Video - Allrecipes.com", "https://www.allrecipes.com/video/4740/hot-crab-dip/"], "211.html": [224571, "Super Nachos Recipe - Allrecipes.com", "https://www.allrecipes.com/recipe/51147/super-nachos/"], "212.html": [178461, "Super Nachos Video - Allrecipes.com", "https://www.allrecipes.com/video/6592/super-nachos/"], "213.html": [127271, "Public Profile - Allrecipes.com", "https://www.allrecipes.com/cook/megillette@shaw.ca/"], "214.html": [245278, "Mini Philly Cheesesteaks Recipe - Allrecipes.com", "https://www.allrecipes.com/recipe/241000/mini-philly-cheesesteaks/"], "215.html": [180779, "Chef John's Mini Philly Cheesesteaks Video - Allrecipes.com", "https://www.allrecipes.com/video/4967/chef-johns-mini-philly-cheesesteaks/"], "216.html": [238714, "Big Ray's Mexican Monkey Bread Recipe - Allrecipes.com", "https://www.allrecipes.com/recipe/237835/big-rays-mexican-monkey-bread/"], "217.html": [179220, "Big Ray's Mexican Monkey Bread Video - Allrecipes.com", "https://www.allrecipes.com/video/7142/big-rays-mexican-monkey-bread/"], "218.html": [166953, "Public Profile - Allrecipes.com", "https://www.allrecipes.com/cook/3749653/"], "219.html": [238642, "Best Spinach Dip Ever Recipe - Allrecipes.com", "https://www.allrecipes.com/recipe/22617/best-spinach-dip-ever/"], "22.html": [286997, "Hanukkah Recipes - Allrecipes.com", "https://www.allrecipes.com/recipes/190/holidays-and-events/hanukkah/"], "220.html": [174771, "Best Spinach Dip Ever Video - Allrecipes.com", "https://www.allrecipes.com/video/708/best-spinach-dip-ever/"], "221.html": [127539, "Public Profile - Allrecipes.com", "https://www.allrecipes.com/cook/vanallenfamily@onebox.com/"], "222.html": [230872, "Baked Crab and Artichoke Dip Recipe - Allrecipes.com", "https://www.allrecipes.com/recipe/231170/baked-crab-and-artichoke-dip/"], "223.html": [175593, "How to Make Crab and Artichoke Dip Video - Allrecipes.com", "https://www.allrecipes.com/video/3135/how-to-make-crab-and-artichoke-dip/"], "224.html": [194159, "Cheesy Burrito Game Day Dip Recipe - Allrecipes.com", "https://www.allrecipes.com/recipe/234476/cheesy-burrito-game-day-dip/"], "225.html": [144721, "Public Profile - Allrecipes.com", "https://www.allrecipes.com/cook/rjnequette/"], "226.html": [225098, "Guacamole Recipe - Allrecipes.com", "https://www.allrecipes.com/recipe/14231/guacamole/"], "227.html": [192147, "Guacamole Video - Allrecipes.com", "https://www.allrecipes.com/video/646/guacamole/"], "228.html": [142850, "Public Profile - Allrecipes.com", "https://www.allrecipes.com/cook/syd@emergentmedia.com/"], "229.html": [175633, "Five-Star Buffalo Chicken Dip Video - Allrecipes.com", "https://www.allrecipes.com/video/679/five-star-buffalo-chicken-dip/"], "23.html": [329939, "New Year's Recipes - Allrecipes.com", "https://www.allrecipes.com/recipes/193/holidays-and-events/new-year/"], "230.html": [127626, "Public Profile - Allrecipes.com", "https://www.allrecipes.com/cook/613040/"], "231.html": [230987, "Annie's Fruit Salsa and Cinnamon Chips Recipe - Allrecipes.com", "https://www.allrecipes.com/recipe/26692/annies-fruit-salsa-and-cinnamon-chips/"], "232.html": [175884, "Annie's Fruit Salsa and Cinnamon Chips Video - Allrecipes.com", "https://www.allrecipes.com/video/795/annies-fruit-salsa-and-cinnamon-chips/"], "233.html": [176951, "Mouth-Watering Stuffed Mushrooms Video - Allrecipes.com", "https://www.allrecipes.com/video/629/mouth-watering-stuffed-mushrooms/"], "234.html": [128281, "Public Profile - Allrecipes.com", "https://www.allrecipes.com/cook/1218326/"], "235.html": [241185, "Jalapeno Popper Spread Recipe - Allrecipes.com", "https://www.allrecipes.com/recipe/139012/jalapeno-popper-spread/"], "236.html": [165195, "Jalapeno Popper Spread Video - Allrecipes.com", "https://www.allrecipes.com/video/4259/jalapeno-popper-spread/"], "237.html": [143560, "Public Profile - Allrecipes.com", "https://www.allrecipes.com/cook/1861639/"], "238.html": [244884, "Restaurant-Style Buffalo Chicken Wings Recipe - Allrecipes.com", "https://www.allrecipes.com/recipe/24087/restaurant-style-buffalo-chicken-wings/"], "239.html": [191518, "Restaurant-Style Buffalo Chicken Wings Video - Allrecipes.com", "https://www.allrecipes.com/video/877/restaurant-style-buffalo-chicken-wings/"], "24.html": [419228, "Holidays and Events Recipes - Allrecipes.com", "https://www.allrecipes.com/recipes/85/holidays-and-events/"], "240.html": [127268, "Public Profile - Allrecipes.com", "https://www.allrecipes.com/cook/a2totmom@yahoo.com/"], "241.html": [243104, "Double Tomato Bruschetta Recipe - Allrecipes.com", "https://www.allrecipes.com/recipe/20669/double-tomato-bruschetta/"], "242.html": [172756, "Double Tomato Bruschetta Video - Allrecipes.com", "https://www.allrecipes.com/video/889/double-tomato-bruschetta/"], "243.html": [126713, "Public Profile - Allrecipes.com", "https://www.allrecipes.com/cook/6819/"], "244.html": [244859, "Artichoke &amp; Spinach Dip Restaurant Style Recipe - Allrecipes.com", "https://www.allrecipes.com/recipe/33474/artichoke-spinach-dip-restaurant-style/"], "245.html": [186714, "Artichoke &amp; Spinach Dip Restaurant Style Video - Allrecipes.com", "https://www.allrecipes.com/video/1260/artichoke-spinach-dip-restaurant-style/"], "246.html": [142214, "Public Profile - Allrecipes.com", "https://www.allrecipes.com/cook/395184/"], "247.html": [229445, "Hot Artichoke and Spinach Dip II Recipe - Allrecipes.com", "https://www.allrecipes.com/recipe/26819/hot-artichoke-and-spinach-dip-ii/"], "248.html": [192034, "Hot Artichoke and Spinach Dip II Video - Allrecipes.com", "https://www.allrecipes.com/video/2917/hot-artichoke-and-spinach-dip-ii/"], "249.html": [142274, "Public Profile - Allrecipes.com", "https://www.allrecipes.com/cook/225912/"], "25.html": [401628, "Bread Recipes - Allrecipes.com", "https://www.allrecipes.com/recipes/156/bread/"], "250.html": [229906, "Seven Layer Taco Dip Recipe - Allrecipes.com", "https://www.allrecipes.com/recipe/19673/seven-layer-taco-dip/"], "251.html": [192393, "Seven Layer Taco Dip Video - Allrecipes.com", "https://www.allrecipes.com/video/690/seven-layer-taco-dip/"], "252.html": [142182, "Public Profile - Allrecipes.com", "https://www.allrecipes.com/cook/31169/"], "253.html": [239621, "Brown Sugar Smokies Recipe - Allrecipes.com", "https://www.allrecipes.com/recipe/14939/brown-sugar-smokies/"], "254.html": [190890, "Brown Sugar Smokies Video - Allrecipes.com", "https://www.allrecipes.com/video/1078/brown-sugar-smokies/"], "255.html": [142251, "Public Profile - Allrecipes.com", "https://www.allrecipes.com/cook/170611/"], "256.html": [176561, "Baked Kale Chips Video - Allrecipes.com", "https://www.allrecipes.com/video/637/baked-kale-chips/"], "257.html": [154587, "Public Profile - Allrecipes.com", "https://www.allrecipes.com/cook/1349933/"], "258.html": [229766, "Asian Lettuce Wraps Recipe - Allrecipes.com", "https://www.allrecipes.com/recipe/71722/asian-lettuce-wraps/"], "259.html": [190193, "Asian Lettuce Wraps Video - Allrecipes.com", "https://www.allrecipes.com/video/1112/asian-lettuce-wraps/"], "26.html": [470807, "Cake Recipes - Allrecipes.com", "https://www.allrecipes.com/recipes/276/desserts/cakes/"], "260.html": [142271, "Public Profile - Allrecipes.com", "https://www.allrecipes.com/cook/1072660/"], "261.html": [242798, "Hummus III Recipe - Allrecipes.com", "https://www.allrecipes.com/recipe/14830/hummus-iii/"], "262.html": [190874, "Hummus III Video - Allrecipes.com", "https://www.allrecipes.com/video/1021/hummus-iii/"], "263.html": [126757, "Public Profile - Allrecipes.com", "https://www.allrecipes.com/cook/37281/"], "264.html": [239969, "Sugar Coated Pecans Recipe - Allrecipes.com", "https://www.allrecipes.com/recipe/13838/sugar-coated-pecans/"], "265.html": [187410, "Sugar Coated Pecans Video - Allrecipes.com", "https://www.allrecipes.com/video/1240/sugar-coated-pecans/"], "266.html": [142785, "Public Profile - Allrecipes.com", "https://www.allrecipes.com/cook/rosebud10435@aol.com/"], "267.html": [242832, "Coconut Shrimp I Recipe - Allrecipes.com", "https://www.allrecipes.com/recipe/17753/coconut-shrimp-i/"], "268.html": [174458, "Coconut Shrimp Video - Allrecipes.com", "https://www.allrecipes.com/video/1126/coconut-shrimp/"], "269.html": [142215, "Public Profile - Allrecipes.com", "https://www.allrecipes.com/cook/338308/"], "27.html": [402374, "Salad Recipes - Allrecipes.com", "https://www.allrecipes.com/recipes/96/salad/"], "270.html": [247019, "Playgroup Granola Bars Recipe - Allrecipes.com", "https://www.allrecipes.com/recipe/81298/playgroup-granola-bars/"], "271.html": [186008, "Playgroup Granola Bars Video - Allrecipes.com", "https://www.allrecipes.com/video/4438/playgroup-granola-bars/"], "272.html": [152894, "Public Profile - Allrecipes.com", "https://www.allrecipes.com/cook/1155018/"], "273.html": [242666, "Cocktail Meatballs Recipe - Allrecipes.com", "https://www.allrecipes.com/recipe/15206/cocktail-meatballs/"], "274.html": [176712, "Cocktail Meatballs Video - Allrecipes.com", "https://www.allrecipes.com/video/2782/cocktail-meatballs/"], "275.html": [143194, "Public Profile - Allrecipes.com", "https://www.allrecipes.com/cook/everything.else@mindspring.com/"], "276.html": [239981, "Bacon Wrapped Smokies Recipe - Allrecipes.com", "https://www.allrecipes.com/recipe/69919/bacon-wrapped-smokies/"], "277.html": [175383, "Bacon Wrapped Smokies Video - Allrecipes.com", "https://www.allrecipes.com/video/4001/bacon-wrapped-smokies/"], "278.html": [142254, "Public Profile - Allrecipes.com", "https://www.allrecipes.com/cook/1022500/"], "279.html": [228694, "Grilled Marinated Shrimp Recipe - Allrecipes.com", "https://www.allrecipes.com/recipe/19484/grilled-marinated-shrimp/"], "28.html": [293582, "Smoothie Recipes - Allrecipes.com", "https://www.allrecipes.com/recipes/138/drinks/smoothies/"], "280.html": [190948, "Grilled Marinated Shrimp Video - Allrecipes.com", "https://www.allrecipes.com/video/1293/grilled-marinated-shrimp/"], "281.html": [127272, "Public Profile - Allrecipes.com", "https://www.allrecipes.com/cook/257438/"], "282.html": [282808, "Pancake Recipes - Allrecipes.com", "https://www.allrecipes.com/recipes/151/breakfast-and-brunch/pancakes/"], "283.html": [292457, "Breakfast Casserole Recipes - Allrecipes.com", "https://www.allrecipes.com/recipes/144/breakfast-and-brunch/breakfast-casseroles/"], "284.html": [325732, "Breakfast Egg Recipes - Allrecipes.com", "https://www.allrecipes.com/recipes/148/breakfast-and-brunch/eggs/"], "285.html": [234146, "Breakfast Quiche Recipes - Allrecipes.com", "https://www.allrecipes.com/recipes/153/breakfast-and-brunch/eggs/quiche/"], "286.html": [265846, "French Toast Recipes - Allrecipes.com", "https://www.allrecipes.com/recipes/149/breakfast-and-brunch/french-toast/"], "287.html": [237799, "Waffle Recipes - Allrecipes.com", "https://www.allrecipes.com/recipes/1316/breakfast-and-brunch/waffles/"], "288.html": [326807, "Breakfast Bread Recipes - Allrecipes.com", "https://www.allrecipes.com/recipes/1304/breakfast-and-brunch/breakfast-bread/"], "289.html": [255095, "Crepes and Blintze Recipes - Allrecipes.com", "https://www.allrecipes.com/recipes/147/breakfast-and-brunch/crepes/"], "29.html": [325123, "Soups, Stews and Chili Recipes - Allrecipes.com", "https://www.allrecipes.com/recipes/94/soups-stews-and-chili/"], "290.html": [252166, "Breakfast Cereal Recipes - Allrecipes.com", "https://www.allrecipes.com/recipes/145/breakfast-and-brunch/cereals/"], "291.html": [209766, "Breakfast Cookie Recipes - Allrecipes.com", "https://www.allrecipes.com/recipes/17766/breakfast-and-brunch/breakfast-cookies/"], "292.html": [269874, "Breakfast Drinks Recipes - Allrecipes.com", "https://www.allrecipes.com/recipes/143/breakfast-and-brunch/drinks/"], "293.html": [226690, "Breakfast Bowl Recipes - Allrecipes.com", "https://www.allrecipes.com/recipes/17842/breakfast-and-brunch/breakfast-bowls/"], "294.html": [300780, "Breakfast Meat and Seafood Recipes - Allrecipes.com", "https://www.allrecipes.com/recipes/150/breakfast-and-brunch/meat-and-seafood/"], "295.html": [244570, "Breakfast Potato Recipes - Allrecipes.com", "https://www.allrecipes.com/recipes/152/breakfast-and-brunch/potatoes/"], "296.html": [289608, "Healthy Breakfast and Brunch Recipes - Allrecipes.com", "https://www.allrecipes.com/recipes/15334/healthy-recipes/breakfast-and-brunch/"], "297.html": [249471, "Southern Breakfast and Brunch Recipes - Allrecipes.com", "https://www.allrecipes.com/recipes/15882/us-recipes/southern/breakfast-and-brunch/"], "298.html": [62636, "19 Christmas Breakfast Dishes That Will Make The Morning Memorable | Allrecipes", "http://dish.allrecipes.com/christmas-breakfast/"], "299.html": [57741, "5 Super Cheesy Breakfast Casseroles | Allrecipes", "http://dish.allrecipes.com/cheesy-breakfast-casseroles/"], "3.html": [198591, "Allrecipes Magazine Subscription | Magazine.Store", "http://armagazine.com/upper-nav"], "30.html": [345369, "BBQ &amp; Grilling Recipes - Allrecipes.com", "https://www.allrecipes.com/recipes/88/bbq-grilling/"], "300.html": [55391, "Drool! Check Out Our 9 Favorite Breakfast Tacos | Allrecipes", "http://dish.allrecipes.com/drool-check-out-our-favorite-breakfast-tacos/"], "301.html": [57523, "These 12 Easy Baked Egg Recipes Are a Lazy Cook's Dream | Allrecipes", "http://dish.allrecipes.com/easy-baked-egg-recipes/"], "302.html": [242152, "Fluffy Pancakes Recipe - Allrecipes.com", "https://www.allrecipes.com/recipe/162760/fluffy-pancakes/"], "303.html": [236859, "Easy Sausage Gravy and Biscuits Recipe - Allrecipes.com", "https://www.allrecipes.com/recipe/216391/easy-sausage-gravy-and-biscuits/"], "304.html": [241622, "Cheesy Amish Breakfast Casserole Recipe - Allrecipes.com", "https://www.allrecipes.com/recipe/229150/cheesy-amish-breakfast-casserole/"], "305.html": [244500, "Chef John's Banana Bread Recipe - Allrecipes.com", "https://www.allrecipes.com/recipe/219967/chef-johns-banana-bread/"], "306.html": [243391, "Hash Brown and Egg Casserole Recipe - Allrecipes.com", "https://www.allrecipes.com/recipe/87013/hash-brown-and-egg-casserole/"], "307.html": [240344, "Chakchouka (Shakshouka) Recipe - Allrecipes.com", "https://www.allrecipes.com/recipe/213717/chakchouka-shakshouka/"], "308.html": [223728, "Old-Fashioned Pancakes Recipe - Allrecipes.com", "https://www.allrecipes.com/recipe/220415/old-fashioned-pancakes/"], "309.html": [221835, "Tender and Easy Buttermilk Waffles Recipe - Allrecipes.com", "https://www.allrecipes.com/recipe/233920/tender-and-easy-buttermilk-waffles/"], "31.html": [317956, "Quick and Easy Recipes - Allrecipes.com", "https://www.allrecipes.com/recipes/1947/everyday-cooking/quick-and-easy/"], "310.html": [209203, "Sweet Potato Souffles Recipe - Allrecipes.com", "https://www.allrecipes.com/recipe/268858/sweet-potato-souffles/"], "311.html": [243653, "Creme Brulee French Toast Recipe - Allrecipes.com", "https://www.allrecipes.com/recipe/35255/creme-brulee-french-toast/"], "312.html": [173595, "Creme Brulee French Toast Video - Allrecipes.com", "https://www.allrecipes.com/video/4223/creme-brulee-french-toast/"], "313.html": [126767, "Public Profile - Allrecipes.com", "https://www.allrecipes.com/cook/296522/"], "314.html": [190662, "Panettone French Toast Recipe - Allrecipes.com", "https://www.allrecipes.com/recipe/256482/panettone-french-toast/"], "315.html": [142860, "Public Profile - Allrecipes.com", "https://www.allrecipes.com/cook/11132165/"], "316.html": [222588, "Grandma's Gingerbread Pancakes Recipe - Allrecipes.com", "https://www.allrecipes.com/recipe/214012/grandmas-gingerbread-pancakes/"], "317.html": [143227, "Public Profile - Allrecipes.com", "https://www.allrecipes.com/cook/1419929/"], "318.html": [162439, "Nutella\u00ae Pastry Christmas Tree Video - Allrecipes.com", "https://www.allrecipes.com/video/7977/nutella-pastry-christmas-tree/"], "319.html": [179405, "Bananas Foster Belgian Waffles Video - Allrecipes.com", "https://www.allrecipes.com/video/7262/bananas-foster-belgian-waffles/"], "32.html": [352581, "Slow Cooker Recipes - Allrecipes.com", "https://www.allrecipes.com/recipes/253/everyday-cooking/slow-cooker/"], "320.html": [180902, "Christmas Brunch Casserole Video - Allrecipes.com", "https://www.allrecipes.com/video/2548/christmas-brunch-casserole/"], "321.html": [165136, "Pecan Sour Cream Coffee Cake Video - Allrecipes.com", "https://www.allrecipes.com/video/5523/pecan-sour-cream-coffee-cake/"], "322.html": [166811, "Chef John's Croissants Video - Allrecipes.com", "https://www.allrecipes.com/video/7945/chef-johns-croissants/"], "323.html": [183409, "Orange Pecan French Toast Video - Allrecipes.com", "https://www.allrecipes.com/video/7232/orange-pecan-french-toast/"], "324.html": [181763, "Eggs Benedict with Smoked Salmon Video - Allrecipes.com", "https://www.allrecipes.com/video/3464/eggs-benedict-with-smoked-salmon/"], "325.html": [195107, "Maple Apple Turkey Sausage Recipe - Allrecipes.com", "https://www.allrecipes.com/recipe/259473/maple-apple-turkey-sausage/"], "326.html": [152990, "Public Profile - Allrecipes.com", "https://www.allrecipes.com/cook/francecevallos/"], "327.html": [227226, "Syrup on the Bottom French Toast Casserole Recipe - Allrecipes.com", "https://www.allrecipes.com/recipe/230459/syrup-on-the-bottom-french-toast-casserole/"], "328.html": [142253, "Public Profile - Allrecipes.com", "https://www.allrecipes.com/cook/1474022/"], "329.html": [228545, "Christmas Breakfast Sausage Casserole Recipe - Allrecipes.com", "https://www.allrecipes.com/recipe/9247/christmas-breakfast-sausage-casserole/"], "33.html": [310661, "Vegan Recipes - Allrecipes.com", "https://www.allrecipes.com/recipes/1227/everyday-cooking/vegan/"], "330.html": [191775, "Christmas Breakfast Sausage Casserole Video - Allrecipes.com", "https://www.allrecipes.com/video/850/christmas-breakfast-sausage-casserole/"], "331.html": [127195, "Public Profile - Allrecipes.com", "https://www.allrecipes.com/cook/MKpriss1@aol.com/"], "332.html": [57043, "11 Make-Ahead French Toast Casseroles and Pro Prep Tips | Allrecipes", "http://dish.allrecipes.com/make-ahead-french-toast-casseroles-easy-brunchin/"], "333.html": [57808, "Easy Tips to Make the Best Homemade Waffles | Allrecipes", "http://dish.allrecipes.com/heres-how-to-make-the-best-homemade-waffles/"], "334.html": [59721, "How to Make Mimosas for Brunch and Holiday Entertaining  | Allrecipes", "http://dish.allrecipes.com/top-rated-mimosa-recipes-holiday-entertaining/"], "335.html": [56237, "The Easiest, No-Mess Way to Cook Bacon | Allrecipes", "http://dish.allrecipes.com/the-easiest-way-to-cook-bacon/"], "336.html": [223495, "Swedish Saffron Buns Recipe - Allrecipes.com", "https://www.allrecipes.com/recipe/79100/swedish-saffron-buns/"], "337.html": [126780, "Public Profile - Allrecipes.com", "https://www.allrecipes.com/cook/1169890/"], "338.html": [238648, "Danish Kringle Recipe - Allrecipes.com", "https://www.allrecipes.com/recipe/23971/danish-kringle/"], "339.html": [142930, "Public Profile - Allrecipes.com", "https://www.allrecipes.com/cook/colleenr@allrecipes.com/"], "34.html": [370210, "Vegetarian Recipes - Allrecipes.com", "https://www.allrecipes.com/recipes/87/everyday-cooking/vegetarian/"], "340.html": [174295, "Fluffy Pancakes Video - Allrecipes.com", "https://www.allrecipes.com/video/888/fluffy-pancakes/"], "341.html": [155972, "Public Profile - Allrecipes.com", "https://www.allrecipes.com/cook/2846149/"], "342.html": [226545, "Good Old Fashioned Pancakes Recipe - Allrecipes.com", "https://www.allrecipes.com/recipe/21014/good-old-fashioned-pancakes/"], "343.html": [190756, "Good Old-Fashioned Pancakes Video - Allrecipes.com", "https://www.allrecipes.com/video/2619/good-old-fashioned-pancakes/"], "344.html": [142270, "Public Profile - Allrecipes.com", "https://www.allrecipes.com/cook/663357/"], "345.html": [245700, "Downeast Maine Pumpkin Bread Recipe - Allrecipes.com", "https://www.allrecipes.com/recipe/6820/downeast-maine-pumpkin-bread/"], "346.html": [191129, "Downeast Maine Pumpkin Bread Video - Allrecipes.com", "https://www.allrecipes.com/video/678/downeast-maine-pumpkin-bread/"], "347.html": [143085, "Public Profile - Allrecipes.com", "https://www.allrecipes.com/cook/bennet24@marinemwr.or.jp/"], "348.html": [228769, "Mom's Zucchini Bread Recipe - Allrecipes.com", "https://www.allrecipes.com/recipe/6698/moms-zucchini-bread/"], "349.html": [190845, "Mom's Zucchini Bread Video - Allrecipes.com", "https://www.allrecipes.com/video/628/moms-zucchini-bread/"], "35.html": [343557, "Asian Recipes - Allrecipes.com", "https://www.allrecipes.com/recipes/227/world-cuisine/asian/"], "350.html": [142719, "Public Profile - Allrecipes.com", "https://www.allrecipes.com/cook/mmonte@prodigy.net/"], "351.html": [230865, "Banana Sour Cream Bread Recipe - Allrecipes.com", "https://www.allrecipes.com/recipe/6984/banana-sour-cream-bread/"], "352.html": [191436, "Banana Sour Cream Bread Video - Allrecipes.com", "https://www.allrecipes.com/video/819/banana-sour-cream-bread/"], "353.html": [142802, "Public Profile - Allrecipes.com", "https://www.allrecipes.com/cook/nelsonjd@sprynet.com/"], "354.html": [240295, "Fluffy French Toast Recipe - Allrecipes.com", "https://www.allrecipes.com/recipe/16895/fluffy-french-toast/"], "355.html": [173982, "Fluffy French Toast Video - Allrecipes.com", "https://www.allrecipes.com/video/704/fluffy-french-toast/"], "356.html": [127447, "Public Profile - Allrecipes.com", "https://www.allrecipes.com/cook/bon_bon_59@hotmail.com/"], "357.html": [224336, "Waffles I Recipe - Allrecipes.com", "https://www.allrecipes.com/recipe/22180/waffles-i/"], "358.html": [170338, "Waffles I Video - Allrecipes.com", "https://www.allrecipes.com/video/891/waffles-i/"], "359.html": [126751, "Public Profile - Allrecipes.com", "https://www.allrecipes.com/cook/51217/"], "36.html": [307177, "Indian Recipes - Allrecipes.com", "https://www.allrecipes.com/recipes/233/world-cuisine/asian/indian/"], "360.html": [225973, "Buttermilk Pancakes II Recipe - Allrecipes.com", "https://www.allrecipes.com/recipe/24530/buttermilk-pancakes-ii/"], "361.html": [178898, "Buttermilk Pancakes II Video - Allrecipes.com", "https://www.allrecipes.com/video/932/buttermilk-pancakes-ii/"], "362.html": [126874, "Public Profile - Allrecipes.com", "https://www.allrecipes.com/cook/238466/"], "363.html": [237697, "Basic Crepes Recipe - Allrecipes.com", "https://www.allrecipes.com/recipe/16383/basic-crepes/"], "364.html": [189904, "Basic Crepes Video - Allrecipes.com", "https://www.allrecipes.com/video/623/basic-crepes/"], "365.html": [142176, "Public Profile - Allrecipes.com", "https://www.allrecipes.com/cook/19811/"], "366.html": [223461, "Classic Waffles Recipe - Allrecipes.com", "https://www.allrecipes.com/recipe/20513/classic-waffles/"], "367.html": [188924, "Classic Waffles Video - Allrecipes.com", "https://www.allrecipes.com/video/799/classic-waffles/"], "368.html": [127324, "Public Profile - Allrecipes.com", "https://www.allrecipes.com/cook/wiggles256@yahoo.com/"], "369.html": [227627, "Pumpkin Pancakes Recipe - Allrecipes.com", "https://www.allrecipes.com/recipe/17036/pumpkin-pancakes/"], "37.html": [355324, "Italian Recipes - Allrecipes.com", "https://www.allrecipes.com/recipes/723/world-cuisine/european/italian/"], "370.html": [179826, "Pumpkin Pancakes Video - Allrecipes.com", "https://www.allrecipes.com/video/1241/pumpkin-pancakes/"], "371.html": [53816, "How To Build The Ultimate Bloody Mary Bar | Allrecipes", "http://dish.allrecipes.com/ultimate-bloody-mary-bar-checklist/"], "372.html": [57974, "7 Surprising Treats to Make With Cinnamon Roll Dough | Allrecipes", "http://dish.allrecipes.com/clever-ways-to-use-refrigerated-cinnamon-roll-dough/"], "373.html": [58043, "These 5 Make-Ahead Breakfasts Are the Best Wake-Up Call | Allrecipes", "http://dish.allrecipes.com/these-5-make-ahead-breakfasts-are-best-wake-call/"], "374.html": [65635, "Our Top 20 Brunch Recipes of All Time | Allrecipes", "http://dish.allrecipes.com/top-20-brunch-recipes-time/"], "375.html": [241980, "Crustless Spinach Quiche Recipe - Allrecipes.com", "https://www.allrecipes.com/recipe/20876/crustless-spinach-quiche/"], "376.html": [191121, "Crustless Spinach Quiche Video - Allrecipes.com", "https://www.allrecipes.com/video/1182/crustless-spinach-quiche/"], "377.html": [142185, "Public Profile - Allrecipes.com", "https://www.allrecipes.com/cook/94313/"], "378.html": [225107, "Cheesy Ham and Hash Brown Casserole Recipe - Allrecipes.com", "https://www.allrecipes.com/recipe/20096/cheesy-ham-and-hash-brown-casserole/"], "379.html": [174137, "Cheesy Ham and Hash Brown Casserole Video - Allrecipes.com", "https://www.allrecipes.com/video/832/cheesy-ham-and-hash-brown-casserole/"], "38.html": [370264, "Mexican Recipes - Allrecipes.com", "https://www.allrecipes.com/recipes/728/world-cuisine/latin-american/mexican/"], "380.html": [142200, "Public Profile - Allrecipes.com", "https://www.allrecipes.com/cook/117687/"], "381.html": [229993, "Spinach Quiche Recipe - Allrecipes.com", "https://www.allrecipes.com/recipe/16664/spinach-quiche/"], "382.html": [165347, "Spinach Quiche Video - Allrecipes.com", "https://www.allrecipes.com/video/861/spinach-quiche/"], "383.html": [127259, "Public Profile - Allrecipes.com", "https://www.allrecipes.com/cook/hrcmstrble@aol.com/"], "384.html": [238978, "Banana Pancakes I Recipe - Allrecipes.com", "https://www.allrecipes.com/recipe/20334/banana-pancakes-i/"], "385.html": [189662, "Banana Pancakes I Video - Allrecipes.com", "https://www.allrecipes.com/video/1179/banana-pancakes-i/"], "386.html": [142254, "Public Profile - Allrecipes.com", "https://www.allrecipes.com/cook/104240/"], "387.html": [239008, "Monkey Bread I Recipe - Allrecipes.com", "https://www.allrecipes.com/recipe/6815/monkey-bread-i/"], "388.html": [173738, "Monkey Bread I Video - Allrecipes.com", "https://www.allrecipes.com/video/711/monkey-bread-i/"], "389.html": [142944, "Public Profile - Allrecipes.com", "https://www.allrecipes.com/cook/connollys@teisprint.com/"], "39.html": [319570, "Southern Recipes - Allrecipes.com", "https://www.allrecipes.com/recipes/15876/us-recipes/southern/"], "390.html": [226666, "Pumpkin Bread IV Recipe - Allrecipes.com", "https://www.allrecipes.com/recipe/6862/pumpkin-bread-iv/"], "391.html": [180231, "Pumpkin Bread IV Video - Allrecipes.com", "https://www.allrecipes.com/video/1370/pumpkin-bread-iv/"], "392.html": [142617, "Public Profile - Allrecipes.com", "https://www.allrecipes.com/cook/car2@erols.com/"], "393.html": [249361, "Overnight Blueberry French Toast Recipe - Allrecipes.com", "https://www.allrecipes.com/recipe/15057/overnight-blueberry-french-toast/"], "394.html": [192533, "Overnight Blueberry French Toast Video - Allrecipes.com", "https://www.allrecipes.com/video/2546/overnight-blueberry-french-toast/"], "395.html": [126727, "Public Profile - Allrecipes.com", "https://www.allrecipes.com/cook/33105/"], "396.html": [227512, "Baked French Toast Recipe - Allrecipes.com", "https://www.allrecipes.com/recipe/20934/baked-french-toast/"], "397.html": [174059, "Baked French Toast Video - Allrecipes.com", "https://www.allrecipes.com/video/2767/baked-french-toast/"], "398.html": [142182, "Public Profile - Allrecipes.com", "https://www.allrecipes.com/cook/64373/"], "399.html": [327510, "Candy Recipes - Allrecipes.com", "https://www.allrecipes.com/recipes/372/desserts/candy/"], "4.html": [335794, "Allrecipes | Food, friends, and recipe inspiration", "https://www.allrecipes.com"], "40.html": [284059, "Allrecipes Magazine Recipes", "https://www.allrecipes.com/recipes/17235/everyday-cooking/allrecipes-magazine-recipes/"], "400.html": [252643, "Caramel Dessert Recipes - Allrecipes.com", "https://www.allrecipes.com/recipes/22935/desserts/caramel/"], "401.html": [303263, "Cheesecake Recipes - Allrecipes.com", "https://www.allrecipes.com/recipes/387/desserts/cakes/cheesecake/"], "402.html": [312073, "Chocolate Dessert Recipes - Allrecipes.com", "https://www.allrecipes.com/recipes/1557/desserts/chocolate/"], "403.html": [266538, "Crisps and Crumbles Recipes - Allrecipes.com", "https://www.allrecipes.com/recipes/15840/desserts/crisps-and-crumbles/"], "404.html": [310109, "Cobbler Recipes - Allrecipes.com", "https://www.allrecipes.com/recipes/361/desserts/cobbler/"], "405.html": [301885, "Cupcake Recipes - Allrecipes.com", "https://www.allrecipes.com/recipes/377/desserts/cakes/cupcakes/"], "406.html": [298417, "Custards and Pudding Recipes - Allrecipes.com", "https://www.allrecipes.com/recipes/363/desserts/custards-and-puddings/"], "407.html": [251103, "Dessert Filling Recipes - Allrecipes.com", "https://www.allrecipes.com/recipes/17786/desserts/fillings/"], "408.html": [398573, "Pie Recipes - Allrecipes.com", "https://www.allrecipes.com/recipes/367/desserts/pies/"], "409.html": [317086, "Frosting and Icing Recipes - Allrecipes.com", "https://www.allrecipes.com/recipes/17100/desserts/frostings-and-icings/"], "41.html": [302833, "Food Wishes\u00ae Recipes - Allrecipes.com", "https://www.allrecipes.com/recipes/16791/everyday-cooking/special-collections/web-show-recipes/food-wishes/"], "42.html": [60766, "Trusted Brand Pages | Allrecipes", "http://dish.allrecipes.com/trusted-brand-pages/"], "43.html": [339264, "Recipes - Allrecipes.com", "https://www.allrecipes.com/recipes/"], "44.html": [335795, "Allrecipes | Food, friends, and recipe inspiration", "https://www.allrecipes.com/my/shopping-lists/"], "45.html": [198349, "Allrecipes Magazine Subscription | Magazine.Store", "https://www.magazine.store/allrecipes-magazine/"], "46.html": [159029, "Dinner Spinner Tv Show | Allrecipes", "http://dish.allrecipes.com/dinner-spinner-tv-show/"], "47.html": [47218, "Allrecipes Cooking School - Learn a lifetime of techniques, tools, skills and shortcuts that make cooking tastier, easier and allow you and your family to have more fun in the kitchen", "http://cookingschool.allrecipes.com/"], "48.html": [47644, "Customer Support | Allrecipes", "http://dish.allrecipes.com/customer-service/"], "49.html": [46718, "Allrecipes Jobs | Allrecipes", "http://dish.allrecipes.com/allrecipes-jobs-2/"], "5.html": [453793, "Appetizers and Snack Recipes - Allrecipes.com", "https://www.allrecipes.com/recipes/76/appetizers-and-snacks/"], "50.html": [37756, "Allrecipes Press Portal | Find out more about Allrecipes.com", "http://press.allrecipes.com/"], "51.html": [218858, "Sheet Pan Dinner Recipes - Allrecipes.com", "https://www.allrecipes.com/recipes/22992/everyday-cooking/sheet-pan-dinners/"], "52.html": [56680, "6 Stress-Busting Snacks for the Holiday Season | Allrecipes", "http://dish.allrecipes.com/stress-busting-snacks-for-the-holidays/"], "53.html": [196069, "Allrecipes Magazine Subscription | Magazine.Store", "https://www.magazine.store/allrecipes-magazine/?utm_source=allrecipes&utm_medium=internal&utm_campaign=i811trtw1256df"], "54.html": [58413, "7 Hot Cocktails for the Holidays | Allrecipes", "http://dish.allrecipes.com/best-winter-hot-cocktails/"], "55.html": [57337, "13 Best Cranberry Baked Goods | Allrecipes", "http://dish.allrecipes.com/best-cranberry-baked-goods/"], "56.html": [435411, "Cookie Recipes - Allrecipes.com", "https://www.allrecipes.com/recipes/362/desserts/cookies/"], "57.html": [310109, "Shrimp Recipes - Allrecipes.com", "https://www.allrecipes.com/recipes/430/seafood/shellfish/shrimp/"], "58.html": [348451, "World Cuisine Recipes - Allrecipes.com", "https://www.allrecipes.com/recipes/86/world-cuisine/"], "59.html": [201652, "Baileys \u00e0 la French Toast Recipe - Allrecipes.com", "https://www.allrecipes.com/recipe/261430/baileys-a-la-french-toast/"], "6.html": [358618, "Breakfast and Brunch Recipes - Allrecipes.com", "https://www.allrecipes.com/recipes/78/breakfast-and-brunch/"], "60.html": [165210, "Baileys A La French Toast Video - Allrecipes.com", "https://www.allrecipes.com/video/7898/baileys-a-la-french-toast/"], "61.html": [310668, "Christmas Candy Recipes - Allrecipes.com", "https://www.allrecipes.com/recipes/947/holidays-and-events/christmas/desserts/candy/"], "62.html": [151913, "Public Profile - Allrecipes.com", "https://www.allrecipes.com/cook/allrecipes/"], "63.html": [226823, "Loaded Crack Potatoes Recipe - Allrecipes.com", "https://www.allrecipes.com/recipe/254811/loaded-crack-potatoes/"], "64.html": [179933, "Loaded Crack Potatoes  Video - Allrecipes.com", "https://www.allrecipes.com/video/7306/loaded-crack-potatoes/"], "65.html": [128204, "Public Profile - Allrecipes.com", "https://www.allrecipes.com/cook/1739423/"], "66.html": [237331, "Baked Paprika-Parmesan Chicken Recipe - Allrecipes.com", "https://www.allrecipes.com/recipe/102235/baked-paprika-parmesan-chicken/"], "67.html": [143669, "Public Profile - Allrecipes.com", "https://www.allrecipes.com/cook/1008751/"], "68.html": [251664, "General Tsao's Chicken II Recipe - Allrecipes.com", "https://www.allrecipes.com/recipe/91499/general-tsaos-chicken-ii/"], "69.html": [172464, "General Tsao's Chicken II Video - Allrecipes.com", "https://www.allrecipes.com/video/4267/general-tsaos-chicken-ii/"], "7.html": [381492, "Dessert Recipes - Allrecipes.com", "https://www.allrecipes.com/recipes/79/desserts/"], "70.html": [126850, "Public Profile - Allrecipes.com", "https://www.allrecipes.com/cook/1531235/"], "71.html": [239721, "Perfect Crab-Stuffed Mushrooms Recipe - Allrecipes.com", "https://www.allrecipes.com/recipe/229826/perfect-crab-stuffed-mushrooms/"], "72.html": [127882, "Public Profile - Allrecipes.com", "https://www.allrecipes.com/cook/45493/"], "73.html": [225535, "Soft Christmas Cookies Recipe - Allrecipes.com", "https://www.allrecipes.com/recipe/10110/soft-christmas-cookies/"], "74.html": [180264, "Soft Christmas Cookies Video - Allrecipes.com", "https://www.allrecipes.com/video/4878/soft-christmas-cookies/"], "75.html": [127212, "Public Profile - Allrecipes.com", "https://www.allrecipes.com/cook/jgbowers@rma.edu/"], "76.html": [237797, "Garlic Chicken with Orzo Noodles Recipe - Allrecipes.com", "https://www.allrecipes.com/recipe/84109/garlic-chicken-with-orzo-noodles/"], "77.html": [126818, "Public Profile - Allrecipes.com", "https://www.allrecipes.com/cook/1378975/"], "78.html": [242776, "Sweet Potato Casserole II Recipe - Allrecipes.com", "https://www.allrecipes.com/recipe/18057/sweet-potato-casserole-ii/"], "79.html": [191078, "Sweet Potato Casserole II Video - Allrecipes.com", "https://www.allrecipes.com/video/1438/sweet-potato-casserole-ii/"], "8.html": [347620, "Dinner Recipes - Allrecipes.com", "https://www.allrecipes.com/recipes/17562/dinner/"], "80.html": [142127, "Public Profile - Allrecipes.com", "https://www.allrecipes.com/cook/1312/"], "81.html": [238782, "Best Green Bean Casserole Recipe - Allrecipes.com", "https://www.allrecipes.com/recipe/18379/best-green-bean-casserole/"], "82.html": [180044, "Best Green Bean Casserole Video - Allrecipes.com", "https://www.allrecipes.com/video/5083/best-green-bean-casserole/"], "83.html": [127438, "Public Profile - Allrecipes.com", "https://www.allrecipes.com/cook/Janellemc@angelfire.com/"], "84.html": [221230, "Pumpkin Pie French Toast Recipe - Allrecipes.com", "https://www.allrecipes.com/recipe/213009/pumpkin-pie-french-toast/"], "85.html": [142273, "Public Profile - Allrecipes.com", "https://www.allrecipes.com/cook/2133417/"], "86.html": [230380, "Yummy Sweet Potato Casserole Recipe - Allrecipes.com", "https://www.allrecipes.com/recipe/21261/yummy-sweet-potato-casserole/"], "87.html": [190042, "Yummy Sweet Potato Casserole Video - Allrecipes.com", "https://www.allrecipes.com/video/925/yummy-sweet-potato-casserole/"], "88.html": [142185, "Public Profile - Allrecipes.com", "https://www.allrecipes.com/cook/69960/"], "89.html": [225915, "Pork Chops in Sherry-Mushroom Gravy Recipe - Allrecipes.com", "https://www.allrecipes.com/recipe/268061/pork-chops-in-sherry-mushroom-gravy/"], "9.html": [357801, "Drinks Recipes - Allrecipes.com", "https://www.allrecipes.com/recipes/77/drinks/"], "90.html": [152524, "Public Profile - Allrecipes.com", "https://www.allrecipes.com/cook/cookingbikerchick/"], "91.html": [234452, "Tater Tot Casserole I Recipe - Allrecipes.com", "https://www.allrecipes.com/recipe/23912/tater-tot-casserole-i/"], "92.html": [142293, "Public Profile - Allrecipes.com", "https://www.allrecipes.com/cook/213188/"], "93.html": [220032, "Cranberry Sauce Recipe - Allrecipes.com", "https://www.allrecipes.com/recipe/9111/cranberry-sauce/"], "94.html": [187585, "Cranberry Sauce Video - Allrecipes.com", "https://www.allrecipes.com/video/883/cranberry-sauce/"], "95.html": [248704, "Overnight Caramel Pecan Rolls Recipe - Allrecipes.com", "https://www.allrecipes.com/recipe/24574/overnight-caramel-pecan-rolls/"], "96.html": [174308, "Caramel Pecan Rolls Video - Allrecipes.com", "https://www.allrecipes.com/video/1453/overnight-caramel-pecan-rolls/"], "97.html": [142213, "Public Profile - Allrecipes.com", "https://www.allrecipes.com/cook/243312/"], "98.html": [243260, "Cauliflower Pizza Bites Recipe - Allrecipes.com", "https://www.allrecipes.com/recipe/260696/cauliflower-pizza-bites/"], "99.html": [163960, "Cauliflower Pizza Bites Video - Allrecipes.com", "https://www.allrecipes.com/video/8189/cauliflower-pizza-bites/"]}